-- phpMyAdmin SQL Dump
-- version 5.2.1
-- https://www.phpmyadmin.net/
--
-- Host: 127.0.0.1
-- Generation Time: Jul 18, 2026 at 04:19 AM
-- Server version: 10.4.32-MariaDB
-- PHP Version: 8.2.12

SET SQL_MODE = "NO_AUTO_VALUE_ON_ZERO";
START TRANSACTION;
SET time_zone = "+00:00";


/*!40101 SET @OLD_CHARACTER_SET_CLIENT=@@CHARACTER_SET_CLIENT */;
/*!40101 SET @OLD_CHARACTER_SET_RESULTS=@@CHARACTER_SET_RESULTS */;
/*!40101 SET @OLD_COLLATION_CONNECTION=@@COLLATION_CONNECTION */;
/*!40101 SET NAMES utf8mb4 */;

--
-- Database: `pglife`
--

-- --------------------------------------------------------

--
-- Table structure for table `amenities`
--

CREATE TABLE `amenities` (
  `id` int(11) NOT NULL,
  `name` varchar(100) NOT NULL,
  `type` varchar(100) NOT NULL,
  `icon` varchar(100) NOT NULL
) ENGINE=InnoDB DEFAULT CHARSET=utf8mb4 COLLATE=utf8mb4_general_ci;

--
-- Dumping data for table `amenities`
--

INSERT INTO `amenities` (`id`, `name`, `type`, `icon`) VALUES
(1, 'Wifi', 'Common Area', 'wifi'),
(2, 'Power Backup', 'Building', 'powerbackup'),
(3, 'Fire Extinguisher', 'Building', 'fireext'),
(4, 'TV', 'Common Area', 'tv'),
(5, 'Bed with Mattress', 'Bedroom', 'bed'),
(6, 'Parking', 'Building', 'parking'),
(7, 'Water Purifier', 'Common Area', 'rowater'),
(8, 'Dining', 'Common Area', 'dining'),
(9, 'Air Conditioner', 'Bedroom', 'ac'),
(10, 'Washing Machine', 'Common Area', 'washingmachine'),
(11, 'Lift', 'Building', 'lift'),
(12, 'CCTV', 'Building', 'cctv'),
(13, 'Geyser', 'Washroom', 'geyser');

-- --------------------------------------------------------

--
-- Table structure for table `cities`
--

CREATE TABLE `cities` (
  `id` int(11) NOT NULL,
  `name` varchar(100) NOT NULL
) ENGINE=InnoDB DEFAULT CHARSET=utf8mb4 COLLATE=utf8mb4_general_ci;

--
-- Dumping data for table `cities`
--

INSERT INTO `cities` (`id`, `name`) VALUES
(1, 'Delhi'),
(2, 'Mumbai'),
(3, 'Bengaluru'),
(4, 'Hyderabad');

-- --------------------------------------------------------

--
-- Table structure for table `interested_users_properties`
--

CREATE TABLE `interested_users_properties` (
  `id` int(11) NOT NULL,
  `user_id` int(11) NOT NULL,
  `property_id` int(11) NOT NULL
) ENGINE=InnoDB DEFAULT CHARSET=utf8mb4 COLLATE=utf8mb4_general_ci;

--
-- Dumping data for table `interested_users_properties`
--

INSERT INTO `interested_users_properties` (`id`, `user_id`, `property_id`) VALUES
(1, 1, 1),
(2, 1, 2),
(3, 1, 5),
(4, 2, 1),
(5, 2, 5),
(6, 3, 1),
(7, 3, 2),
(8, 3, 5),
(9, 4, 2),
(10, 4, 3),
(11, 4, 4),
(26, 5, 2);

-- --------------------------------------------------------

--
-- Table structure for table `properties`
--

CREATE TABLE `properties` (
  `id` int(11) NOT NULL,
  `city_id` int(11) NOT NULL,
  `name` varchar(100) NOT NULL,
  `address` varchar(255) NOT NULL,
  `description` longtext NOT NULL,
  `gender` enum('male','female','unisex') NOT NULL,
  `rent` int(11) NOT NULL,
  `rating_clean` float(2,1) NOT NULL,
  `rating_food` float(2,1) NOT NULL,
  `rating_safety` float(2,1) NOT NULL,
  `university_name` varchar(255) DEFAULT NULL,
  `university_distance` varchar(100) DEFAULT NULL,
  `room_type` varchar(100) DEFAULT NULL,
  `wifi` tinyint(1) DEFAULT 0,
  `meals` tinyint(1) DEFAULT 0,
  `laundry` tinyint(1) DEFAULT 0,
  `security` tinyint(1) DEFAULT 0,
  `deposit` int(11) DEFAULT NULL,
  `contact_number` varchar(15) DEFAULT NULL
) ENGINE=InnoDB DEFAULT CHARSET=utf8mb4 COLLATE=utf8mb4_general_ci;

--
-- Dumping data for table `properties`
--

INSERT INTO `properties` (`id`, `city_id`, `name`, `address`, `description`, `gender`, `rent`, `rating_clean`, `rating_food`, `rating_safety`, `university_name`, `university_distance`, `room_type`, `wifi`, `meals`, `laundry`, `security`, `deposit`, `contact_number`) VALUES
(1, 1, 'Saxena\'s Paying Guest', 'H.No. 3958 Kaseru Walan, Pahar Ganj, New Delhi, Delhi 110055', 'Furnished studio apartment - share it with close friends! Located in posh area of Bijwasan in Delhi, this house is available for both boys and girls. Go for a private room or opt for a shared one and make it your own abode. Go out with your new friends - catch a movie at the nearest cinema hall or just chill in a cafe which is not even 2 kms away. Unwind with your flatmates after a long day at work/college. With a common living area and a shared kitchen, make your own FRIENDS moments. After all, there\'s always a Joey with unlimited supply of food. Remember, all it needs is one crazy story to convert a roomie into a BFF. What\'s nearby/Your New Neighborhood 4.0 Kms from Dwarka Sector- 21 Metro Station.', 'male', 5000, 4.3, 3.4, 4.8, 'Delhi University', '3 km\r\n', 'Single Sharing', 1, 1, 1, 1, 6000, '9876543211'),
(2, 1, 'Navrang PG Home', '644-C,Mohalla Baoli 6 Tooti Chowk, Paharganj, New Delhi, Delhi 110055', 'Furnished studio apartment - share it with close friends! Located in posh area of Bijwasan in Delhi, this house is available for both boys and girls. Go for a private room or opt for a shared one and make it your own abode. Go out with your new friends - catch a movie at the nearest cinema hall or just chill in a cafe which is not even 2 kms away. Unwind with your flatmates after a long day at work/college. With a common living area and a shared kitchen, make your own FRIENDS moments. After all, there\'s always a Joey with unlimited supply of food. Remember, all it needs is one crazy story to convert a roomie into a BFF. What\'s nearby/Your New Neighborhood 4.0 Kms from Dwarka Sector- 21 Metro Station.', 'unisex', 6000, 2.9, 3.4, 3.8, 'Delhi University', '2 km', 'Double Sharing', 1, 1, 1, 1, 5000, '9876543210'),
(3, 2, 'Navkar Paying Guest', '44, Juhu Scheme, Juhu, Mumbai, Maharashtra 400058', 'Furnished studio apartment - share it with close friends! Located in posh area of Bijwasan in Delhi, this house is available for both boys and girls. Go for a private room or opt for a shared one and make it your own abode. Go out with your new friends - catch a movie at the nearest cinema hall or just chill in a cafe which is not even 2 kms away. Unwind with your flatmates after a long day at work/college. With a common living area and a shared kitchen, make your own FRIENDS moments. After all, there\'s always a Joey with unlimited supply of food. Remember, all it needs is one crazy story to convert a roomie into a BFF. What\'s nearby/Your New Neighborhood 4.0 Kms from Dwarka Sector- 21 Metro Station.', 'female', 9500, 3.9, 3.8, 4.9, 'University of Mumbai', '2 km', 'Triple Sharing\r\n', 1, 1, 1, 1, 8000, '9876543212'),
(4, 2, 'PG for Girls Borivali West', 'Plot no.258/D4, Gorai no.2, Borivali West, Mumbai, Maharashtra 400092', 'Furnished studio apartment - share it with close friends! Located in posh area of Bijwasan in Delhi, this house is available for both boys and girls. Go for a private room or opt for a shared one and make it your own abode. Go out with your new friends - catch a movie at the nearest cinema hall or just chill in a cafe which is not even 2 kms away. Unwind with your flatmates after a long day at work/college. With a common living area and a shared kitchen, make your own FRIENDS moments. After all, there\'s always a Joey with unlimited supply of food. Remember, all it needs is one crazy story to convert a roomie into a BFF. What\'s nearby/Your New Neighborhood 4.0 Kms from Dwarka Sector- 21 Metro Station.', 'female', 8000, 4.2, 4.1, 4.5, 'University of Mumbai', '4 km', 'Single Sharing', 1, 1, 1, 1, 7000, '9876543213'),
(5, 2, 'Ganpati Paying Guest', 'Police Beat, Sainath Complex, Besides, SV Rd, Daulat Nagar, Borivali East, Mumbai - 400066', 'Furnished studio apartment - share it with close friends! Located in posh area of Bijwasan in Delhi, this house is available for both boys and girls. Go for a private room or opt for a shared one and make it your own abode. Go out with your new friends - catch a movie at the nearest cinema hall or just chill in a cafe which is not even 2 kms away. Unwind with your flatmates after a long day at work/college. With a common living area and a shared kitchen, make your own FRIENDS moments. After all, there\'s always a Joey with unlimited supply of food. Remember, all it needs is one crazy story to convert a roomie into a BFF. What\'s nearby/Your New Neighborhood 4.0 Kms from Dwarka Sector- 21 Metro Station.', 'male', 8500, 4.2, 3.9, 4.6, 'University of Mumbai', '3.5 km', 'Double Sharing', 1, 1, 1, 1, 7500, '9876543214'),
(6, 3, 'Bangalore Student Residency', 'Near Presidency University, Bengaluru, Karnataka', 'Comfortable student accommodation with furnished rooms, WiFi, food facility and security.', 'male', 7000, 4.5, 4.2, 4.7, 'Presidency University', '1.5 km', 'Double Sharing', 1, 1, 1, 1, 10000, '9876543210'),
(7, 3, 'Green Valley Girls Hostel', 'Electronic City, Bengaluru, Karnataka', 'Safe and affordable accommodation for female students with modern facilities.', 'female', 8500, 4.6, 4.4, 4.8, 'Presidency University', '5 km', 'Triple Sharing', 1, 1, 1, 1, 9000, '9876543215'),
(8, 4, 'Hyderabad Campus Homes', 'Gachibowli, Hyderabad, Telangana', 'Premium student accommodation with food, WiFi and housekeeping facilities.', 'unisex', 7500, 4.4, 4.3, 4.6, 'University of Hyderabad', '2.5 km\r\n', 'Double Sharing', 1, 1, 1, 1, 8000, '9876543216'),
(9, 4, 'Metro Student Stay', 'Hitech City, Hyderabad, Telangana', 'Fully furnished rooms near IT hubs and universities.', 'male', 6500, 4.1, 4.0, 4.5, 'IIIT Hyderabad', '3 km', 'Single Sharing\r\n', 1, 1, 1, 1, 6000, '9876543217');

-- --------------------------------------------------------

--
-- Table structure for table `properties_amenities`
--

CREATE TABLE `properties_amenities` (
  `id` int(11) NOT NULL,
  `property_id` int(11) NOT NULL,
  `amenity_id` int(11) NOT NULL
) ENGINE=InnoDB DEFAULT CHARSET=utf8mb4 COLLATE=utf8mb4_general_ci;

--
-- Dumping data for table `properties_amenities`
--

INSERT INTO `properties_amenities` (`id`, `property_id`, `amenity_id`) VALUES
(1, 1, 1),
(2, 1, 2),
(3, 1, 4),
(4, 1, 5),
(5, 1, 7),
(6, 1, 8),
(7, 1, 9),
(8, 1, 10),
(9, 1, 11),
(10, 1, 13),
(11, 2, 1),
(12, 2, 2),
(13, 2, 3),
(14, 2, 4),
(15, 2, 5),
(16, 2, 7),
(17, 2, 8),
(18, 2, 9),
(19, 2, 10),
(20, 2, 11),
(21, 2, 13),
(22, 3, 1),
(23, 3, 2),
(24, 3, 3),
(25, 3, 4),
(26, 3, 5),
(27, 3, 7),
(28, 3, 8),
(29, 3, 10),
(30, 3, 11),
(31, 3, 12),
(32, 3, 13),
(33, 4, 1),
(34, 4, 3),
(35, 4, 4),
(36, 4, 5),
(37, 4, 7),
(38, 4, 8),
(39, 4, 10),
(40, 4, 11),
(41, 4, 12),
(42, 4, 13),
(43, 5, 1),
(44, 5, 3),
(45, 5, 4),
(46, 5, 5),
(47, 5, 7),
(48, 5, 8),
(49, 5, 10),
(50, 5, 11),
(51, 5, 12),
(52, 5, 13);

-- --------------------------------------------------------

--
-- Table structure for table `testimonials`
--

CREATE TABLE `testimonials` (
  `id` int(11) NOT NULL,
  `property_id` int(11) NOT NULL,
  `user_name` varchar(100) NOT NULL,
  `content` text NOT NULL
) ENGINE=InnoDB DEFAULT CHARSET=utf8mb4 COLLATE=utf8mb4_general_ci;

--
-- Dumping data for table `testimonials`
--

INSERT INTO `testimonials` (`id`, `property_id`, `user_name`, `content`) VALUES
(1, 1, 'Ashutosh Gowariker', 'The accommodation is clean, well-maintained, and located close to the university. The staff is friendly and always ready to help.'),
(2, 1, 'Karan Johar', 'I had a comfortable stay throughout my semester. The Wi-Fi is reliable, the meals are good, and the rooms are spacious.'),
(3, 2, 'Zoya Akhtar', 'The location is excellent, with supermarkets and public transport nearby. It made my daily commute very convenient.'),
(4, 2, 'Farhan Akhtar', 'The rooms are neat, and the security arrangements made me feel safe throughout my stay. I would definitely recommend this PG.'),
(5, 2, 'Anurag Kashyap', 'Affordable rent with excellent facilities. The laundry and housekeeping services are well managed.'),
(6, 3, 'Mira Nair', 'The environment is peaceful and ideal for studying. The common areas are always kept clean and organized.'),
(7, 3, 'Meghna Gulzar', 'I liked the friendly atmosphere and the quick response from the management whenever any issue was reported.'),
(8, 4, 'Farah Khan', 'The property offers good value for money. The amenities provided are exactly as described, and the rooms are comfortable.'),
(9, 5, 'Rajkumar Hirani', 'This accommodation exceeded my expectations. The facilities are modern, and the location is perfect for students.'),
(10, 5, 'Sanjay Leela Bhansali', 'I had a wonderful experience staying here. The rooms are well furnished, the food quality is good, and the overall environment is welcoming.');

-- --------------------------------------------------------

--
-- Table structure for table `users`
--

CREATE TABLE `users` (
  `id` int(11) NOT NULL,
  `email` varchar(100) NOT NULL,
  `password` varchar(100) NOT NULL,
  `full_name` varchar(100) NOT NULL,
  `phone` varchar(20) NOT NULL,
  `gender` enum('male','female') NOT NULL,
  `college_name` varchar(100) NOT NULL
) ENGINE=InnoDB DEFAULT CHARSET=utf8mb4 COLLATE=utf8mb4_general_ci;

--
-- Dumping data for table `users`
--

INSERT INTO `users` (`id`, `email`, `password`, `full_name`, `phone`, `gender`, `college_name`) VALUES
(1, 'anuj.kalbalia@gmail.com', 'b1b3773a05c0ed0176787a4f1574ff0075f7521e', 'Anuj Kalbalia', '9535100112', 'male', 'NITD'),
(2, 'shadab@gmail.com', 'b1b3773a05c0ed0176787a4f1574ff0075f7521e', 'Shadab Alam', '9876543210', 'male', 'NITJ'),
(3, 'aditya@gmail.com', 'b1b3773a05c0ed0176787a4f1574ff0075f7521e', 'Aditya Sood', '9876543210', 'male', 'Chandigarh University'),
(4, 'radhika@gmail.com', 'b1b3773a05c0ed0176787a4f1574ff0075f7521e', 'Radhika Bhatia', '9876543210', 'female', 'Delhi University'),
(5, 'example@gmail.com', 'dd5fef9c1c1da1394d6d34b248c51be2ad740840', 'Armin', '1234567890', 'female', 'Presidency University');

--
-- Indexes for dumped tables
--

--
-- Indexes for table `amenities`
--
ALTER TABLE `amenities`
  ADD PRIMARY KEY (`id`);

--
-- Indexes for table `cities`
--
ALTER TABLE `cities`
  ADD PRIMARY KEY (`id`);

--
-- Indexes for table `interested_users_properties`
--
ALTER TABLE `interested_users_properties`
  ADD PRIMARY KEY (`id`),
  ADD KEY `user_id` (`user_id`),
  ADD KEY `property_id` (`property_id`);

--
-- Indexes for table `properties`
--
ALTER TABLE `properties`
  ADD PRIMARY KEY (`id`),
  ADD KEY `city_id` (`city_id`);

--
-- Indexes for table `properties_amenities`
--
ALTER TABLE `properties_amenities`
  ADD PRIMARY KEY (`id`),
  ADD KEY `property_id` (`property_id`),
  ADD KEY `amenity_id` (`amenity_id`);

--
-- Indexes for table `testimonials`
--
ALTER TABLE `testimonials`
  ADD PRIMARY KEY (`id`),
  ADD KEY `property_id` (`property_id`);

--
-- Indexes for table `users`
--
ALTER TABLE `users`
  ADD PRIMARY KEY (`id`);

--
-- AUTO_INCREMENT for dumped tables
--

--
-- AUTO_INCREMENT for table `amenities`
--
ALTER TABLE `amenities`
  MODIFY `id` int(11) NOT NULL AUTO_INCREMENT, AUTO_INCREMENT=14;

--
-- AUTO_INCREMENT for table `cities`
--
ALTER TABLE `cities`
  MODIFY `id` int(11) NOT NULL AUTO_INCREMENT, AUTO_INCREMENT=5;

--
-- AUTO_INCREMENT for table `interested_users_properties`
--
ALTER TABLE `interested_users_properties`
  MODIFY `id` int(11) NOT NULL AUTO_INCREMENT, AUTO_INCREMENT=27;

--
-- AUTO_INCREMENT for table `properties`
--
ALTER TABLE `properties`
  MODIFY `id` int(11) NOT NULL AUTO_INCREMENT, AUTO_INCREMENT=10;

--
-- AUTO_INCREMENT for table `properties_amenities`
--
ALTER TABLE `properties_amenities`
  MODIFY `id` int(11) NOT NULL AUTO_INCREMENT, AUTO_INCREMENT=53;

--
-- AUTO_INCREMENT for table `testimonials`
--
ALTER TABLE `testimonials`
  MODIFY `id` int(11) NOT NULL AUTO_INCREMENT, AUTO_INCREMENT=11;

--
-- AUTO_INCREMENT for table `users`
--
ALTER TABLE `users`
  MODIFY `id` int(11) NOT NULL AUTO_INCREMENT, AUTO_INCREMENT=6;

--
-- Constraints for dumped tables
--

--
-- Constraints for table `interested_users_properties`
--
ALTER TABLE `interested_users_properties`
  ADD CONSTRAINT `interested_users_properties_ibfk_1` FOREIGN KEY (`user_id`) REFERENCES `users` (`id`),
  ADD CONSTRAINT `interested_users_properties_ibfk_2` FOREIGN KEY (`property_id`) REFERENCES `properties` (`id`);

--
-- Constraints for table `properties`
--
ALTER TABLE `properties`
  ADD CONSTRAINT `properties_ibfk_1` FOREIGN KEY (`city_id`) REFERENCES `cities` (`id`);

--
-- Constraints for table `properties_amenities`
--
ALTER TABLE `properties_amenities`
  ADD CONSTRAINT `properties_amenities_ibfk_1` FOREIGN KEY (`property_id`) REFERENCES `properties` (`id`),
  ADD CONSTRAINT `properties_amenities_ibfk_2` FOREIGN KEY (`amenity_id`) REFERENCES `amenities` (`id`);

--
-- Constraints for table `testimonials`
--
ALTER TABLE `testimonials`
  ADD CONSTRAINT `testimonials_ibfk_1` FOREIGN KEY (`property_id`) REFERENCES `properties` (`id`);
COMMIT;

/*!40101 SET CHARACTER_SET_CLIENT=@OLD_CHARACTER_SET_CLIENT */;
/*!40101 SET CHARACTER_SET_RESULTS=@OLD_CHARACTER_SET_RESULTS */;
/*!40101 SET COLLATION_CONNECTION=@OLD_COLLATION_CONNECTION */;
